/*
 Navicat Premium Data Transfer

 Source Server         : localhost_3306
 Source Server Type    : MySQL
 Source Server Version : 50733
 Source Host           : localhost:3306
 Source Schema         : constancia

 Target Server Type    : MySQL
 Target Server Version : 50733
 File Encoding         : 65001

 Date: 07/02/2023 15:10:39
*/

SET NAMES utf8mb4;
SET FOREIGN_KEY_CHECKS = 0;

-- ----------------------------
-- Table structure for cargos
-- ----------------------------
DROP TABLE IF EXISTS `cargos`;
CREATE TABLE `cargos`  (
  `id` bigint(20) NOT NULL AUTO_INCREMENT,
  `nombre` varchar(255) CHARACTER SET latin1 COLLATE latin1_swedish_ci NULL DEFAULT NULL,
  `estado` tinyint(4) NULL DEFAULT NULL,
  `fecha_creacion` datetime NULL DEFAULT CURRENT_TIMESTAMP ON UPDATE CURRENT_TIMESTAMP,
  `fecha_actualizacion` datetime NULL DEFAULT NULL ON UPDATE CURRENT_TIMESTAMP,
  PRIMARY KEY (`id`) USING BTREE
) ENGINE = InnoDB AUTO_INCREMENT = 5 CHARACTER SET = latin1 COLLATE = latin1_swedish_ci ROW_FORMAT = DYNAMIC;

-- ----------------------------
-- Records of cargos
-- ----------------------------
INSERT INTO `cargos` VALUES (1, 'Tutor', 1, '2022-11-29 13:49:33', '2022-11-29 13:49:33');
INSERT INTO `cargos` VALUES (2, 'Gerente', 1, '2023-02-06 20:58:51', NULL);
INSERT INTO `cargos` VALUES (3, '11', 1, '2023-02-07 09:48:20', NULL);
INSERT INTO `cargos` VALUES (4, '5', 1, '2023-02-07 09:48:34', NULL);

-- ----------------------------
-- Table structure for conteo
-- ----------------------------
DROP TABLE IF EXISTS `conteo`;
CREATE TABLE `conteo`  (
  `id` int(11) NOT NULL,
  `conteo` int(11) NULL DEFAULT NULL,
  PRIMARY KEY (`id`) USING BTREE
) ENGINE = InnoDB CHARACTER SET = latin1 COLLATE = latin1_swedish_ci ROW_FORMAT = Dynamic;

-- ----------------------------
-- Records of conteo
-- ----------------------------
INSERT INTO `conteo` VALUES (1, 2);

-- ----------------------------
-- Table structure for empleados
-- ----------------------------
DROP TABLE IF EXISTS `empleados`;
CREATE TABLE `empleados`  (
  `id` bigint(20) NOT NULL AUTO_INCREMENT,
  `nombres` varchar(255) CHARACTER SET latin1 COLLATE latin1_swedish_ci NULL DEFAULT NULL,
  `apellidos` varchar(255) CHARACTER SET latin1 COLLATE latin1_swedish_ci NULL DEFAULT NULL,
  `estado` tinyint(4) NULL DEFAULT NULL,
  `id_cargo` bigint(20) NULL DEFAULT NULL,
  `fecha_creacion` datetime NULL DEFAULT CURRENT_TIMESTAMP ON UPDATE CURRENT_TIMESTAMP,
  `fecha_actualizacion` datetime NULL DEFAULT NULL ON UPDATE CURRENT_TIMESTAMP,
  PRIMARY KEY (`id`) USING BTREE,
  INDEX `fk_empleados_cargo`(`id_cargo`) USING BTREE,
  CONSTRAINT `fk_empleados_cargo` FOREIGN KEY (`id_cargo`) REFERENCES `cargos` (`id`) ON DELETE RESTRICT ON UPDATE RESTRICT
) ENGINE = InnoDB AUTO_INCREMENT = 2 CHARACTER SET = latin1 COLLATE = latin1_swedish_ci ROW_FORMAT = DYNAMIC;

-- ----------------------------
-- Records of empleados
-- ----------------------------
INSERT INTO `empleados` VALUES (1, 'Mario Jairo1', 'Ventura Espinosa', 1, 1, '2023-02-05 17:47:29', '2023-02-05 17:47:29');

-- ----------------------------
-- Table structure for eventos
-- ----------------------------
DROP TABLE IF EXISTS `eventos`;
CREATE TABLE `eventos`  (
  `id` bigint(20) NOT NULL AUTO_INCREMENT,
  `nombre` varchar(255) CHARACTER SET latin1 COLLATE latin1_swedish_ci NULL DEFAULT NULL,
  `estado` tinyint(4) NULL DEFAULT NULL,
  `fecha_creacion` datetime NULL DEFAULT CURRENT_TIMESTAMP ON UPDATE CURRENT_TIMESTAMP,
  `fecha_actualizacion` datetime NULL DEFAULT NULL ON UPDATE CURRENT_TIMESTAMP,
  PRIMARY KEY (`id`) USING BTREE
) ENGINE = InnoDB AUTO_INCREMENT = 11 CHARACTER SET = latin1 COLLATE = latin1_swedish_ci ROW_FORMAT = DYNAMIC;

-- ----------------------------
-- Records of eventos
-- ----------------------------
INSERT INTO `eventos` VALUES (10, 'Sistemas para consulta de información de DENUE,SCINCE, Inventario Nacional de Vivienda 2016,PyMES y Mapas Digitales', 1, '2023-02-02 17:36:08', '2023-02-02 17:36:08');

-- ----------------------------
-- Table structure for formularios
-- ----------------------------
DROP TABLE IF EXISTS `formularios`;
CREATE TABLE `formularios`  (
  `id` bigint(20) NOT NULL AUTO_INCREMENT,
  `nombres` varchar(255) CHARACTER SET latin1 COLLATE latin1_swedish_ci NULL DEFAULT NULL,
  `apellidos` varchar(255) CHARACTER SET latin1 COLLATE latin1_swedish_ci NULL DEFAULT NULL,
  `id_tipo_participacion` bigint(4) NULL DEFAULT NULL,
  `id_evento` bigint(20) NULL DEFAULT NULL,
  `nombre_evento_opcional` varchar(255) CHARACTER SET latin1 COLLATE latin1_swedish_ci NULL DEFAULT NULL,
  `fecha_evento` varchar(255) CHARACTER SET latin1 COLLATE latin1_swedish_ci NULL DEFAULT NULL,
  `lugar_evento` varchar(255) CHARACTER SET latin1 COLLATE latin1_swedish_ci NULL DEFAULT NULL,
  `fecha_expedicion` date NULL DEFAULT NULL,
  `fecha_actualizacion` datetime NULL DEFAULT NULL ON UPDATE CURRENT_TIMESTAMP,
  `fecha_creacion` datetime NULL DEFAULT CURRENT_TIMESTAMP ON UPDATE CURRENT_TIMESTAMP,
  `url` longtext CHARACTER SET latin1 COLLATE latin1_swedish_ci NULL,
  `token_unico` varchar(255) CHARACTER SET latin1 COLLATE latin1_swedish_ci NULL DEFAULT NULL,
  `estado` int(11) NULL DEFAULT NULL,
  `tipo_documento` bigint(11) NULL DEFAULT NULL,
  `folio` int(11) NULL DEFAULT NULL,
  PRIMARY KEY (`id`) USING BTREE,
  INDEX `fk_tipo_participacion`(`id_tipo_participacion`) USING BTREE,
  INDEX `fk_id_evento`(`id_evento`) USING BTREE,
  INDEX `fk_tipo_documento`(`tipo_documento`) USING BTREE,
  CONSTRAINT `fk_id_evento` FOREIGN KEY (`id_evento`) REFERENCES `eventos` (`id`) ON DELETE RESTRICT ON UPDATE RESTRICT,
  CONSTRAINT `fk_tipo_documento` FOREIGN KEY (`tipo_documento`) REFERENCES `tipo_documento` (`id`) ON DELETE RESTRICT ON UPDATE RESTRICT,
  CONSTRAINT `fk_tipo_participacion` FOREIGN KEY (`id_tipo_participacion`) REFERENCES `participacion` (`id`) ON DELETE RESTRICT ON UPDATE RESTRICT
) ENGINE = InnoDB AUTO_INCREMENT = 10 CHARACTER SET = latin1 COLLATE = latin1_swedish_ci ROW_FORMAT = DYNAMIC;

-- ----------------------------
-- Records of formularios
-- ----------------------------
INSERT INTO `formularios` VALUES (8, 'William Antonio', 'Del Cid Mejia', 12, 10, NULL, '04, 05 de Febrero de 2023', 'Ciudad de Mexico', '2023-02-07', NULL, '2023-02-07 12:55:44', 'data:image/png;base64,iVBORw0KGgoAAAANSUhEUgAAAQAAAAEACAYAAABccqhmAAAAAXNSR0IArs4c6QAAIABJREFUeF7t3eF6GzevBODk/i8655F7GkvrXe1LAGvJ/aZ/C4LAYDAEKVn5/evXrz+/Xvzfnz8Wwu/fv79Eurd2ayc2KxCIv+mc9uKTPDWvPWx1rdgJZuJnxUZrINju2VztfyXXqu2to6z7qjvAOgUyAvAIZgTgObmUVxEAaNIrTbRQEYAIwAoPlVcRgBVUL7DVQkUAIgAr9FNeRQDuEOiAJsXRJhZfanP1/fYWxxY3zVNjk7qor8599uprh+SpdZ+0U2w1fuXH1Tl8eQPQBKqBvUvi1fiP1kUA1hF9BRfWo/xnRQSgitxm3SuKrsXrpBgBWEfvFVxYjzICUMVsd90rih4BOC+hTn65AjzHsorj3jXyvGprFnt9kCvAGoaH1pkA1oF8xWGwHmUmAL7/yOPSK4quE0BHvavEunpP/QJO1a5TT10rU0fVV+fk1T33uCFrlbfSd0fvGDQBTAYiiVeb6Widxn91M2qhlDCCU7WxjwhTnXQ0J4lXbI4ae5J/HV+yVnmrvCpfASYDkcSF2Cs2Gn8E4BFVqZXYrAizNLfYRAC+fsE3AnCiGhGACED3YOlwSKYrjU9FMleAO0Q7xdPCbO2u3lOJULXLBPBY0U49IwAnXaSjfLUZ9S4l91klQidWeRxT/5PYVsWk8+6geWpdBI+fluePvwJIUZQIalcljK7TOK4WnUlsf1pjCLZ6OOhEJHadmmgNftQVoANItdG0kSdPY411cs9JbJV8VbtOrNV6RgCUlRs7uddMFqUY5uGyamy6rhNvBGAdPa2LiExVwF511ckVYJ0vX/7K78jFZDNqmJN7CuE1rp/WGLkC3CGgxauSQe4+RwqpY9jWrrOn4iEny3fEoXW50q6DmWIkNe7kODm5qsDInpqT1uBt3wD0RHqXxnuXOJQgV9op+Tp2EYDnFVRsIwB3OOrpo3ZCUi2U2l3Z2OpbY+3YCbYar0yW1ZrrlfFmlwngpBmlUNVx6+jacTVJO/51Suo0QmXtdE7V6aoS+79rpBklrgjA5ie/VUmV3FKEzp4dMssp1fGvGHUaobJ2OqdqjSuxRwDwN/qr4Gozqv9Jf+qr2njaGDrpSBzSPCunlNRF95T490ZjnfIk1iP/EpvmqfF2/Emu5Y8BxbnaaJO9wp/GJuSYbOJ3IqnURYmsOIo/9TVZF4lrRVw7/qQuEYATlCIAjwBVm0qJrP7Fn/qKAGxqvP2XgQRsUZvvUj5tWolZfVXJlitATWCEk9WavNN0JXkKj1d6723/abBOM1ZfcLPneYMG20+MVNDVrtPc1bURgDvkIgARgH8ReIXQVZu4sy4CEAH4QEBPqVc0xv/Knp1Grq6NAEQAIgDwz85PToc3wDtvFtVm31sXAYgARAD+lwXgz9VPj0W5UsXdVbVNQavjbTH0j2XTCi9l6mAmOO7ZSFwrr9KCudZT4xXctJ4dPCT3aZvfEYDnr7pVwJUw6l+IJUTW/VTEJK4IwArq32sbAbjDu0PmbdkiAOdErmKUCeAcW7WIAEQADrkiDdoRTfHfGeM7a+WTB/WvzfgKuwhABCACUHwE/J8RAFVqOQ3Ul6phdRzUdWon8aovwbH6aCdxPrOZPBknuaCY6Z7VPDv4yp6ap8ZBE0AVtO8gqTbVNhZdp3YCuPqqFlnrJLEe2QhJ9WScjFcx0z2reV6NreapcUQA7pDSV3Ql0aToSEGrcYnvf22qjaHitxLLva02hmJUzbMa/22d7Kl5ahwRgAiAcuXDTkiaCWAJ0r/Ggm0EYINt9WTRdWonJVdf1SLr6Sax5grw+M9rvwu2VW4c1fPLBNBJtBqc7qkNJATXWPVaIHt2fClGEkfnhBbcNE+1k5zUV8dOrnR7sb7Lnruxbb8J2CGakEMB6pBUCKOxavFkz46vTl0kNhVXwU3zVDuJX3117CIAJ5UQckQAHhFQzCIAz8nXaWwVvwhABGD3IUxOqJuNkrQjkhqLkLkar65TO8lJfXXsBDOt3StEJ1eAOwQ6J6+u3QKu5FMSSWOojRJSctc81U5yUF8du/+kAFR/FFRH0qs/2pA4lNxCtJtNtQnUv9oJtlVfOrEI/hpDB1upyVFOe/EJtlfvOX0Q7PZBBGCFnv/YSuGnG6NKUs1ORVIaQ/eUnLQJpCYRgMePNj/wiACs01XIFgFYx7UjrlKTCEAE4C8rOw0qZOv419aZPI0zATyiLtgKDzqio9NPlS+ZABS5jZ0UPgJQA7eKrazrNKM+HnaaVnLo8GpX5OUnwSaTr540R3TqxLb12fElhZECr7TNdk/FVveo+tN1VTwE66PrhK5VjKp2ipH4Vxz3ci//MVB1U0286l/vkarUnTi2e6gvKfreaabYqv+qP11XxUObWONQPCbtJmNTHCMAJxXMBPD8HqwjtJJbiSuT2l5pNY7JxlZfk7EpjhGACIDy88OuSlJdp8SNADwvm+K4KwDyMWBn5KoWb1LRpwkpk0IHM/G/1Mkb4+nYJq86Glsnf4lX3lc0Bs1py1PlgdrtXnsjAJ+wdJRUitcRNY1NSFklZOcKIHGpf/WldnJAdPCv4q2NrXYRgDsEWqBd/CuyndiE9FVCaoN+R7NInmoTAbhDSsA4AlYKr+TrnJaVEe/ozrurmhGAp70lPDhy0OGHNnyFH9+Rk0yR2p8aL30VWIsim6qvCMAjAoKtNoDWQMkmDTUdm/oTO8mzg38Vb50E1W73MJv8IpAkqkCKr+lJRIjQ2bM6TehpqdhKU+ieKtS6Z4fM2z2UQ1XcNNZqHLpOa7Dnb/SLQBKwgi2+Os14dfG+g/CTL9WdeK+eAJQzEYBPBPQwiwDcsUZBU8WVplIhkumh2igS5782IsydODp4RAAiAB8ICAGVaEJ43VOaeMVXJoDn0vUutavGoev0QMoV4A6pCMDKuf9pK6QUAV55Y6j6k1hXBFcmjMkpUuMfFQBtDKWPJFEt8C0G8d8BqFNQxWjKTmNVvKvYdvDWtYKZclnsOlhoXbY5aZ10sty1k38X4OpArvavpBIidERHSNuxUaIp3h3SC5nVv8Y7eUJv99RYO1wTzJQfGi/9y0DVAmizXO2/UxRtKi3MlXYaq+KtJJKcNDatlezZEfQIwB3CSpjqKHK1fyVVhzBCyKtttMkU7wjAZ8U6WGhdMgEUOqRaGC2K2hVCH1+isUYAHqEX4a/y7LaT1uUtBEBP8SqJdJ12hxRPfU3avYIwOulojcWf4t+xk8aY9D/JgyMBqO7RyXNXiCa/CizEigCcl756YkjDHu2ugiV3Y41f7SIAz68iimME4Lz3xiy0obRpq/5UcNV/BGCdIloD8ZwJYIOSAiLgTtpoQ0UAzu/jmQAyARz2ZgTguWzp6aOClQlg/ZjQGohn5TvbbX8STE8kCVbeBKp+/l2n9x85RTTe6p6a69WE0TiqXFAxqcah+GgcUk+xueWjsVVz13Wa+5cfBKkWfTow9aeFiQAoov2JQslXjUibTOMQDolNBAAqqkUBVx8mWpgIgCIaAbghsOWp8kzFaaYax160zzIBnFSC71I7vxNYLfIkiZQIGqvENr3npHjrhBsBuENKiq4EmiaHKvMkiap7KkY/De9tXtM1nqxdBOARgdEJQE9LbYQpYmlDdYgre3TwkdgkhiPsO7FJPSX+zh26E7/EpqKvdipEgm3HJgJwh54Q4Qhsab5XkFTJ0YlN9lBsBce9/TrxS2za2GoXARDWbGykUB1gq/715HoFSRXmTmyyh2IbARA052wyAWQC+EAgAvC8qfRkV7vOQTXX/r9+Xf6rwFtAriaajoeTIGox9RRUf/JGoieqxjZZT+WCxHZ1nh1edUShylPGY/KvAaWgYlNN+midEGh6z+miS0E72CpGEYBPplQxO5q4JjkofPmIIwIwCfunrwjAOa4qWNJoTHj8vob4k7iO3od07TmK+xYSfwSgii6siwCcgxQBOMeoahEBGHrcmyxAR/WloNpQk/fZ6T2rwin4rIze4k/rWc2pyr2jqWO37vLXgJ1Atms7YOhaKZ7mpEUWfxqXNpXEppjtxS/xTsYqGK6M1K/IvYrjijgJTpo7fQwoG6qNBqZAKgE1vq2dNJn6loY6IkIVt+o6PUUU/6txnI5DaqU5ia8IAHSRklkBhy3L//KQCpiO45r71ROXCGQ1VqlHJgBDSWuQCeAET1V5KYsK0+RppkSoCtZkrIJhBMBQ0rpHACIAhwiIYEUAzhtScHzZFUD+bcDzFP+xUNWRMbUzGsuYWj3xjrC4elLQRqvmrnhs49CaaxNo3ZWTwrUqtp1YBTexOcJB19K/Dahg66ZSFAVXiKXNKb4iALeh8fM/rfl/EVvl6NXiWvX/MXVkAnhOZhU/FRnxN9lUnbgkDrE5mg4Fiw+S4rf3xN/V8WqsEofYZAL48+e07p2inDr/fwPdQ/xp4eVU7cQlcYhNBOBr1QU3sYkARACeakoE4BEebSoR1//EFWD7TcAOQNXHlKtJKqfu0SmlOXVykDcR8a+kncyps6feXaV+gk9nElHMJNZpm05sXz4GjAA8lkfBVQJK8bUGIhx6Sr1izwiAsOHcRjm6y4VMAJ+waBOo3Xnp9i2q/jun8Sv2jABUGVI7pCIAJ3hrE6hdtbxV/xGAc8QVo62nzil7HlXPohNbrgB32GvjqV21rFX/Sm4ljFxrOntmAqgy5MIJQENSkm7tlHwah5B0kmhHcVXj6MQm38pTHNVO8rxaFJRDk3aSt2KodtpjLQ5Vfw9Ag4sAaLmfv0Xs3t82X5DRxluP6HOFNILGIb5uO1c5FAE4r3T5j4EiAOdj2Dn8+xbVBtJ11bhu66RpNQ7xFQGo8YxrkAmg0w5rJ6PuxMXLBPAX0uqBdCRqMnVoPat2mlOuAAWEtcnUtZ5m4k9jyxvA82tTrgDnbBu9AlTvqZOFOk95zaLa2KrearcW9Xpj6CkiotOpp+RZFci964Tsd4WNYCQ2R7EpbyMAJ9VVILdutLHVrkrCjn9ZKzZHjTeJrRw+EYCvKEUAIgCHCEhzi00EYKfxdv7EWd4dOtPPrkhOPgKKCk8TRgGpnqCTp5SOdNU9q2P8ETZSK7GJAPwHBaDaUJ11SrbqON6JrbpWBWxSFKqx7jWyxqV5Smy6pwri5MEl8Xdsqj1wKMLVCaCTRHVtNfnqumqcK+u0MTqkX4nnzFbG1E7jne1/+/8dLKp4vwuHOnHsro0ACOWus6kS8rqInnuOAHzi0xGiav0iABvkpAgd0KqF0nURAEVqpvGqeL8LhzpxZAK445oIxzo111dUCbm+08yKTAAzQlStxtsIgAaiBN8Cog1a9S8PPytFqsZx9ScD1biO7tpVAXjndwGps/J9Ms9OD+ja0e8BKJkFcE2gQ/Cq6Fxd5A7ZtrF18JF6ap0mMZsWb+FjpybVGii2ndgiAEPXgskidwoaAZB2Xrfp1GSSGyqkKh4RgAjAYTdkAviEJgKwoYkC8gr1W9f3f1aoaqoKSxzSZJ3YqvjnDeCxesr3q7mh/pXL3z4BdAivZNbkZVzWeCffEyaLrMRVOxE1tdE9pe5ac/GlgtuJX3ilOXX4EgG4Q69T0AiAtv36WC1Nq80iviIAUMtqs4jy6fh5FKaSIRPAejMCNdikyqG9DbTmEYBH9DIBZAL4QECbkbsbDHVPadoIQO3NIgIQAYgA7IiVCEpHwGQSlhiOdFZjIwFQZ/oYAYcDv8jL6SD76b3v6LScfAOo5iSkUiy617BJPOSq1rkWCG8VW7WTOnQEQHL6qLH8NWAE4Hy8miR8BOB5eyg+nQba7qGNrXYRgBMEtHhKhknAZU+NX5W6Gr/EeuT7XcmsOU3WQLFQu2o9Zd3StSATwCdcShghoPqKAKxTWvBfudJJDbSx1U6y7nBIcsoVYIOSAi4EVF9aqCphJNZMAF8R+J+9AihhOgQXMquNxqv+5C4ve3ZOAl37LjXYYib4rIiO+O9gUY23s2eVj9PvcfTPg+8F+4rkJ09LLYA245RwHI2uncJrrlN21YbSsX0ai2q8r+iBTu67a7dvAArGK5KPADwi8C41kBNaxUVy6jTBJIckVs1b7Tq5RwAU5Tu7TADroOkhUp0sO00QAdgcIpkAnhM8AhAB6LxXrKP3fEVH/HbX/gG51iaQkUgTgLA+kNLY5I4+eTp0Cj+Zk+Ko8UqNFcdX5Fndcxof6QOx0bhudhGAk9FeibsCesW2StLqupUYIwDrE6PyaottBACYWSW9Enn6BIWURqea6fgVt22eSmaJt1rzzsQodTvyHwG4Q2CSCJ2CKpGFkEoOtasSvLpO41oheASgf5fXXtH6Xf4pQDXg6SaT5q7GenSXkjeGq/NU/4LPdJ4dcZJ4tZ5qp00lQqe+5ApQ9XX4BjD5KUAVXCVuJ3kplBBtujE0pz27KmFekWcE4LzS1XoKNyIAG5SqYhUBeARSG1vtlMxVQe/U/byF91/aZd3e9apzMCreo18FroLbSfRqwuz5l3i1AEoOyVPiWrnHiz/NU+0kT62J7qkTkdRKMDvykwlAEAYbKWhVrDIBZAJ4RsEfLwDQXx8m1QZSgKSJNdbOiTG9VmJWjMRXx0ZO0Ok6VXmlddIJYxuH5qm1exts5QdBFFwBqQNQh8zVO+Nk7hq/YqT+qnZvQ9Lft5vq+n+K42Ser9hTkaGPAVvOoFAdgDQ2seucNJ211dhk3bTNZGNobJPYdriWCeCkYtVCdYqiJBK7avyd64/EdeRf107aRQA+0ZTpdqV2b4NtrgAzRVaCSIOqSIqvjs3bkBQmS72q7dlN5qm1m9xTa0xXgM7JKEWQxG9+tKEU8G1sGoeCKx/hdPbsrJXcpXYrdRHctHZVbCWGn2aj/al29D0AbUYhkRJZ91QSSRNUfe01hhZA91TchNAdbHWtxFHNXbGVGH6ajeaudhGAOwYoIWWM1ALonhGAT9QV25/W3BKv5q52EYAIwCHvlERCXJkOj/zkCrAuflq7CEAEIAJQVbAXrNPGVrvf1Z8E6yi63MfV/+RoLKN9p+ZaFM1dcNQ91W67Z3XdzU/n+iN10NgkDn37EF866SgPNLZdfkcAnlOpA+53N4uKYcfuu3O67VetQQTgXCYzAZxgVCXftHrLydJpbG2WCMBzwkidMgFsENAmU5J2iiBj9bmu7lto/CoeEqvuqXYRgAjAIQLVxosAnEuKYJsJ4BFHFbUqtlWhfqsJoPpV4HPK/mOxBVdJuvtgsfOVUC3y5MlVLbzmroKoNZDcq3h3cpLGq8a10mSv4JDk3sFWOfrlY8AqqY7WRQA+kZkuaLVWQr6bb4lXbNSX5qN7dsRDRLgqHHsH49WxHu0ZAbhDXoquQvcdBdWGyQRwjQhHAICBmQCuIR9Af2iSCeARmmojV9dlAthQc5KQR+OmnIKZAB5RklFbbHIF+KrFwvkOtuU3gI6q6aZyek0nLwIgcXVsVGAmazDpS+vbyVPwVf8ar+ypNspbvSJWeasYffvfAkwDqYlWgdR4xU5jnWzaSV/aUJ08J3HUeGVPtYkAFMf7LcAKpJItAvCJQBUzbSj1L2Nw9aQ8atjqnhEARSACcIhUpzF0rQhd1VcE4LwJ9OCqCpsKmNaY/hbgPO1/LCR5DayTqK797qmj00DVnCZrd1Rj2aMTv3JGxE9i1ebU65XaVeOv4vNRT/lrQAUtAqBIfdopOToNJFFJ7SIAj0h2aidNqzUXX0cciADcIXN1E2QCECn6alMluDaQRNXhhgpFJoA7BLR4Wpiriyz+IwA1lCIAz3Gr4pMrwAZXFZMO4KLyGketnfZX6Z7V3FXQ9f4tuXf23Prv4POjJoBqgW+ASaJic1Tc6lpdp4QRMnRwrE4Kk/FLg3XeBNT/Ea+kQas4dvZUrmlskmen7l/eADrEleTFJgLwFQHBrUMEXSuEXGlusZXYlLeCYwRAqrJjI+CKTQQgAnCPQATgEw2ZPo/6Z29tJoA7tIRoR2Pvdq2eSKq1IpyT8Wtc03lOjsbqq9pUuk4xkvrpnnu5RwDuUJkGMgKgkrFuV22MCMAjArsCMPmTYHJKrZf/c4UQQf13VLkjHhKf+pccOjWpru3USXISDKevkSomGpvWWPx1MBv9RaAqYSRJfZhRXwqa5tQh/TZmJYfkoPErwat7TtdF/W3tOniIL41Layz+pCZHfiIAJwgrYSIAM5Nah8zSLFrPqi9Zd7OJAChSd3ZXN1nnFLw6tipxq+uOJi5p0A4W4r9Anb9LOnhkAhg6LasF7BBLxuwIwCMC1Wbp1CkCsN4dHczoY8AqEbSh9ux0RBI7sVmBvepP11UL2mm8ag2qsR5NGCt1uLftxCE8Vf9aA/UneOieuzXe/jnwu5C0E4d8JNcCDf+BEpk6XiGuQiq9p3aI3KmBYKt5RgDuEOg0ngCuRe/EEQGQSpzbSA0iAOfXJp2uziuyb6E9lQngDoEWaJkA/iIZAYgALAmXNp6cPp0xVeNQ9RZ/nZwEZIlB/PxrI/FGACIAfxEQAn4HYbZ7TN6zO49X0lBHDVpdq3grRldfr1YEqmI7iWMVMz249PCRN4yjPUc/BYgAPKdklXzvRJgIwGeNIwAbvkcAIgCdCalyoq+uqYqwrpu22+Y3PdFlAlhl0MEvH4kbJYeOfpOCWz3NOjkJZtM21Xh13bRdBOAOASH83ris5FayaRxSPPWlxJI9O3fGXAH+Y1eA7/5z4A7htUFfYSd5aRPrmLfNsyN0En9nMtGcOjlU8ZA9xeaId7p2sgYs8hGAGbmQ4kUAzrHWZjn3ZD9Se/RmMflJkuYkHFIRjgAIQwZtpHgRgHPAtVnOPUUAaCLKBCBUOreJAKzfjfmU2vnm5XlFIgBjAjCpylp0KfCRjdw3NaeOneQgsYqf7v3zO+qy3UNzl4dHxUjrKc0zPo4Xha5TO/pFoCponaLo2moRNKeOneSgTSC+lAi6p0w11bhu66px6LpJPBQLjU15VcWX45UrwLsEq2BIETSnjp3EK7GKn0wAhpLWMxPAHQJV0Kwk+3c1XZsJ4DlSndrpKVKtlYpfrgDrCGvtcgW4w7bzSq+AV+/B6xT4Z0UE4BG5Kh5a36qorVyJhAscr/wikN6lJLDqib1C5skT4+rcq5gpYZgI+BsH1c/HtfHUroqb4vHdQq08U4FRfOhvATQ43bQKrpIjAvCJsBK+Ov1Ua3IkYOqvyjXFo8rRalzaYxGADVJC3GnQqiSaJEcmgBqa1dpNc0iiv1oMPziUK4CU4vweue6lv0JIqYQXId0THSXptF0VPcUjE8AJwlUg8wZQpe7XdRGAdSyrvBWs16N5vkJFs7PvlwlAnemJIUpaLcrVsap/tatipuO+xtGxk1pps1QJXl13lPdkTh1sZa3mrnYRAEF9yCYCcH6VEvFQcmvZIgCK1J1dlczVdYUQ/y55xZ561RHyZQKYEY5MALev/Tz+lwmgoyyLaztCJCfjYjglcxEsjbV6klfXRQAiAH85IEQudciTRRGAmZM8ArA5xYtf4vqYLLcfA06Tvurv6lNE41KhkG/I6Z5qJxhp/JNXllcIneYpmCn+KkQa25fxfPDPg49yigCcVFuLFwH4BDICcD7piMhMilUEQBDfsYkArJM5ArCOmU5gRRofLssEkAngmBx4t5TRtSqkSvir/e/FkSuAVqdgp+OPFqEQwseSKrF0XTWu2zrBqBNH9SSvrtOctBmvPlWVe9UaSH07/PnAW34RqLvJ2foOkFWydcCtFrRDSNlTsZi2m5wAzrhyeJfFaaVT9+3eV/NW66S82o03ArBOOWlG9aqElD2VMNN2EYBPBCaxVV8RgA0C1WbRphX/6isCoEg9t9NmUbwlqkwAghLYXA2kKiSEuvQuIP6UkCI6nSbo1CATQCYA4fqhTYd8SnohqSYhzai+IgCKVCaAGwLKPe2LL4+AukG1bBpY1f9tnTZV9VFnL7YqbpN4TPo6wrGap05h4l/zVB7oAVTlpOQ0ic9KD0QA7pDvEOEVRZapphpXBODrH85EAKoI3K1T9e5spcqfCWBmrK7WqsoFXac86Ai/5F4VYc1Tp4ddu+3HgNVgBYjvOFVWxp8IQATg6F6t4iG8r/bU2whAB4xt8p2kBOw9AdACXB1bB0fN/Wq7aj019+ppXF2nAtDh0NU1Uf/0RaAOkHuBVAmjScn40ymerpV4tQnE16tsqvXU3Kv8q66LAPz69eeeTB0gIwDrI/WrGrm6bwTg59Y4E8AJ63MFOJeFCEAE4JwldxZVwixtsjHeNrKO8RGAc9Sr9cwV4Bzbqy1+1ATQacZJAZgsytVCpE3WyUkEQP0rHlt/mqdeZ18Rh2CkPdDCQz4G1A0m3wA0+asfAaVQaqNEq+beqVM1h86eikcE4BMBFTXpxZsNfRNwsshKbrWLAHwi0KlTBEARWMd7UugiAFCnXAEApKJJrgARgCXqCGFU1VRJIwBLJVoylnqqQ61nrgC5AhxySsVj66C67ubnauJe3UDqX65heu1QzGRPufZ16qT+9Z6teIud4i2+ftwbgAIuIEUAzikizShYrzSj7KkNqqJzjoT/ifnknpqnxH9k86MeASMAjwi8gmzVK4DGGgF43s4quCoKEYA7pBRcJXP17qrFq8ah/qUZpzGTPfVknMRnOk+twdUcigBEAA65KM043RiyZwSgKh9f15EAzG23f5dSpVaybePt+O+sFdzUv5L+HfbsvK9I/HoVVF9VXmkcVVHT+JUbu3WRbwJ2ApERRpugWqiO/85awU39a5HfYc8IwGMVIgAnY7Y2QQTgnFgRAEFgBsdMAOtY7/5ibwSgAOTwrx9rBCLCmQDOBUY5r3WpTtp5A/gh00muAM9bodNQImraiCp+nXglFr12vO0/DipJfoeNAvkdsZztoURW8qm/s7iO/r82y3Z9dd3Nj+ZezamDmcSmfGS7d/3HQasFmF6nQE7vW/Gn5BOi3fZXf5VYj5pR9owAPCKueNCnANVAgnCZAAAAVUlEQVRidtYpITt7VNdGAKrIna9T4mYC+ERA+ch2mQCeE1WBPKf79RZyeq6MweqvmlkE4Pwk32KrfGS7CEAE4AiBCMC6tHUwk0mYG/v313/abM///wGnJFT6DP4OTAAAAABJRU5ErkJggg==', 'd17b7854593661d9f527398d', 1, 5, 1);
INSERT INTO `formularios` VALUES (9, '12', '12', 12, 10, NULL, '28 de Febrero de 2023', '12', '2023-02-07', NULL, '2023-02-07 14:59:58', 'data:image/png;base64,iVBORw0KGgoAAAANSUhEUgAAAQAAAAEACAYAAABccqhmAAAAAXNSR0IArs4c6QAAH41JREFUeF7t3eF62swOBOD2/i+65yE9KWBs/FqSgfab/q1WK41Gs9olIT9//Pjx68eb//369RjCz58/KSpZKza02f+NxN+azdoemufa2uUea75eEYdgJ5iJnyM2mnu1Lmf7P5Jr1fbSZRGAg+gJmZUcEYCD4B8w1xpEAA6AeoapNNTWvrJWbI7kJf6UfBGAI8gfs9UaRACO4TpuLQ0VAXhEIFeA51SMAOy36sMVoAPa/nY/fug9VU9GEQ+xucSuuUts6qt6+gjWHdFUPDr1VIyqeMu6rTx17RLjTk66tlr7tZwiADdoagGEHOorArBP5yresi4CsHgE7BB3v5SZAKoYyTq1mZyIMgHco679o7hpTcUuE8ANSp0CyMmiRMgEsE/dKt6yLhNAJoA/DNSmFWKprwhABOAbgQ5n9lFcn77pDUAIrw9OevJO2wlA2owyQk8XU2ogcR3BoZqD1k7xlpirsV58V+OtrtM9pebad1t7RgB22KVFXtp1CFltjAiASMWjjdZ4ubK6LgKwQFKJ27GrUcNPhwjAFeHpxpDadQS3Gm91XQQgAiCcvrORcVAFUjevNtV0Y0i81Vi1GXUq0zgEI6l5rgArvzSkRRBiSaHWSDQZwxZJl/FHAKSiuQLcIvCxbwAdxe0opzSVxNYRgHeIztmYVXO6YL3EshOr1kX2UMGt2kkM/+wEIE22Rg49LfWsqBJG103mOb2nYiSiGQG4R0nwiAAsmCWgRQBqbdshWwTgikCHo2dPOmux5Qqw0y96qk5+ClAlkcaqU0dNStZ/qaqaU64AtSrotSMCEAH4QiATwP6I/rdPOv/ZCeCTT8aavq+vmmziI49L1RzOjlfrXo1D/evElSvADpOqY+R0oaqE78Qhe1aJLL6/bSZzODtejbUah/qPANwgoE1cBW1tnJ0u1JGGubXtxCF7VoksviMAjyh16il90Kln3gBu6jVdqCMNEwHYRqtDcKmB1r0ah/qvHmbVuC77RQAiANIjh206pF9u1iG4BK6xVuNQ/3+9AAjYaiOjz9oYf0TVJh9T1vISdVVydPAQzDUOJenSTrDYqp3Er3F14vhUAajis7Wu/CnAZCAdwleLXC3wVt4ShzZeBw+pi8ahjRYBuCIwjW3Hn3AhAiAogU0E4HkTqKgB1Ksm6r9jJ7F1GlZjkzjUJgKgSO3YRQAiAN1rzccKwFCPHHIjDTX9BpA970tUxUOJPGk36euCgvgTG/W1ZXeoaYaM/6q/DRiSPm/aV5BUHlirddIG+lfzHOrpQ24iADdwTRJr0td/vTH+K6JzqHOHjCMAEYAvBKqndoTuvhM7eAz19CE3EYAIQAQAvlau09gqroc6d8j456/OZxlDQay56Xx2LyNjJ3QpqNh0X5KXOShJNXfxJzZ6hVE75YbWQPDo+PrQFvtKOwIg1V/YCBnEJgLw6wF9EZQIQIG0G0siAAUspbnFJgIQASjQb3RJBKAApzS32EQAIgAF+o0uiQAU4JTmFpsIQASgQL/RJSQAeudai0we5DrNIrGpf0VW/InNlgBIThrrtF21np04lnh0sO3EIWsna6ePh509IwBS1Rc/AnYKWkjn0JIIwHO4JmsXASg0nkwhF5tOoeQEEptMAKY9mQDOE51MAMbBOytpbrGJABj4EYAIwBcC2lRLuKrrtmAXf2LTyclaZ94qV4DzmlF4u7Z7Z5p9mAA6zvTOskxiek/xp7HKD6Zom3V8SU4ax+Q1aVrotC7CoenYJhu0mqfWWPkSAdhBtNO0VZJOq7yQRptFmkAxUzuJX3117CR3rV0E4AYpVauzT66zi6fk0zikMdQmAnCPlHBSm7hTd62fHDarvFr+MpAkfuRuLAlM7yn+3lG8DhEkJ8H6SO1kTxWOjp3kpdh27DIB7FRCm6qqVpkApBVqNtqg0gSdJpvkkOakdpK7Tm/VPLW6It4XX+WPAaugTTaxnmZKSAVXijxdYCmo1kTttFYi6B085GNAqcnFppq7xq9ck3oqHzU2ugKcDaSSqgPQp35UpQXVGsiJNE1IIZvuqXhEAJ4jJTXZ8pAJQFm4Y1clqW4vgqinm9qpWGcCuCKg4if1VG5EABZIZQI4j5BCNm0CJXhVXDUOaUbJ++tODV8vtmWneMjkp74yAShSmQC+EJBG0CZQ6CMAJ14BLjXVQkzYCYE27yuorjKS6ngrp8PZvjq467hftavi866cdN+/SXTWclIRfvm3AkcAlIIzdtXG1nE2AnBfJ268lcNsdLTHwzICcIO6Nou05qQv2W/LRuOo2kUAIgCH+JkJ4BBcbeNqY2cCuJyN13/K279+AtBEq8zsnBgam9zftFDV+5X6Vzw0d6nL5J6ap8TVER3FR+MVDnVyknejaqwX34zH8hFQF2rySzslnwC0FYMUT8GNADyvdAfHs7Gt+l8Tok5fKOerH193avDwBtBJVERBwYgA3CMwWRetgezZIV+1QTt76lo5RITvW1ON8LsaayaAxQto5x58Nkknm/FsQlax0LhyBbj/RD4CsGCOnEg6vim4VdKr/wjAPcKCm9jo9XDrtMwEsCPb7yCuNqOcODoVyKimY15VwHSk08bQ2mnugndnz6V/rZ3iPckrxUxrtfSn6xTv8huAbtApwpnEUhJ1CirEVfIJjtPk0NzPrJPGoLlLrCro6ku59o4aRwBuqtgRNVkrBdZ7cEc4JNYtcmsOcnJpA4mQRgD2r1KrnKl+DKgkqhJGyaFxVEnUOYFkz04jS5Pp6aN4V+tZrVMH/2qsmQCADVrQThEgjPJf+Ok0RnWtYlE9zXSd1k6b78w6aQyau8QaAVigpOB2iCWnZTUObbzOaSyvxoqPxiv+Jn1d8Kn+sIo2ntagyhcVlGq8UpM1HDuiozUuXwGqjVcF8QhAchq3ANLfqir+7EGHkEI2zV18RQD2GV3FMQKwwFYaW4VCm0BPH4lNbLbopPEK2SZ9RQAiAH8Q6BB8H0b/9laJQ5sgArBfmVwBnmMkoqwH1341flu0+C2fAuQKcF+Kquh0yKHiJHfjqq9MAPst2amxrq3WeLXuy78MtJ/iMYvq45iqmorTMuoq2Dq2a1wdO6mE4tgRBSGk4l0VV8Fiy0Zjq+7RqYHwVjDbnDoiANWyPp8KOo2tBZXIO+SrNkYnflnbyWlS6AT/7ogeAdhBWRtNgNSCrtlV78Ya/2Qzap6Te6qvCMDz6nT4soptJgBth+d2EYArPtLEepW62Mk1slNFFafqHpMTSwRgUQUFJBPAcfpWGyMC8Px6eLwS1xXKd7ar/nlwVbUqiWTM7gCpazV+wYOLUvzhI81JYl07edfus4rPZGy6pwqR4NGpnXJZ8urktOb/4S8DSRBHHjbUnxBECiV+jtho/BJbh0RaeMlNYo0A3CPZqV0EQFgJNkpccMUmEYDn46zio4BLjXVPFc3qnuo/AqDV37GTQg1t9cdNh2zy7qAkUjvJX3GUU0/xkbh0stQ9FTPBQ7DYmpoiAFr9CMAXAtNkW8IqhNc4tBmVAhKb7hkB2L/G0F8H1uJ9ip0QRIimTbCWtzZxZ+078lzuqThqnnJadrDtxCH87uBRnRg7OUUAdqpaJVt13RHRiQBci9dpPMFRml+vMOprmkOrQnH2DwJpspN2UlAlTLUI1XURgEcmLGvVwbZzWgpHlVfiq5On9MAX1yIAz0tRLUJ1XQQgAvCNwDSHRicAVZiqeneSl7uU3DVFpZ8V68j6PVs5Wao12RIdwUjrdHZsgs8Rcd2rR9eX4rGMY/JhszUBaAIRAKHSvo0QvFqTCMD9n+Tar8ZvCxW/yWtHBECrc2PXaQzdTvdQf6L8k5OOxj8p6DJhqDiJQHabVvDuxCHciAAISgubKrmPbKV7HPF5ayvE0hiURNKgegqeHZvgEwF4rGj5EbBa0A5htMii1ELuI82qeBzxGQHYHrUrE1IEAARgmshnN221od6xTk/eKmZ611T/woVOTnoYVAW9U+PqVWe6BtUcpHZfglj9dWANTMn2jiJrDlN2nWapxlBtsq3TUk5e3VPt3sGNCECVcYt1EYArIBGAe3JEAIaabMVNJoDzsC17jgBEAL4RqB6MSr4IgCL1QrsIQATg4wTgU/8wyFpfagNVe1r9T6q3KrXs2fGl47jsIbHqG4PyYPrxrZrnJI5VHm+tW+V3BODz7uhV0gtpL747Qid7RADuK6h4Tzc8PdhGACIAW6dxlbgRgAjAKWJWJaQGo/6V4LKvnKhbp/bSf8fX5Oiq+Gi8cpLlCrDPtlwBdjCKAMycXBGAGRz3W/qYRVkAdBs9RdSfnHDatLLnp/iqxqGNJ1hs2SxrrLGq3TveP3R6ENxeUQOJQ21+yhsAO8M/aKH+IgBXBGRcfgX5IgDP2fuKGlT7Z1XoIgBXWDqnlNxTpYm37vuy9hXkiwBEADYRyBVgRkyqQhQB2D8bFSMR3Op1ZT/K11nkCnCDdbXxlAhKqmocSu4OvTIB/GMTgPw2oBJLCS7j8uTDzHSDSgNpE3fsXv1GsnU9qcYhOF5sRHSqvjQn5WOnV5ZrtZ86HKJfB+4kJYU5238E4B4BJZbiFgF4fvWriofWKQIgKrOwUdAKrr+WqP+OXbXxlFgRgOfV77x5yVqtU4dDmQBuaqyAiyi0ilL8OFVItTZSSz7fNjKtaRy6b64Az5FqcS1vAFdwIwD7LRkBeM4XwWdLhD/iDWCfAr8tplVe95Wxt+pLiyf+X4FP9WTU2KqC2MGxuqfUZNpGT97qVar6dnAkz9FvBe4U/kjQt7aThJmMX5usmveaCGv8GlsVW41DCd7B6My1EYAFup3CVwtVJemkKiuRp/HJBFBlzcy6CEAEYJNJesp2qBgB6KDXX/tPCMDydwH6sJznQQGXk3ZycrhkXN1T1m29uZyH9LbnyYeqavyd2ineElsnDvGvU6rGsdo/EYBqKe7XCbE6U4EWeSabCIDg+I6a6CHI4hEBkFLv20QAnmMk+Oyj/Nui03ifEofmurSLACwQqZ6qHRKpui7tqrF2SV8lm+SpOH5K431KHNWaRAAiAFXujKzLG8AVRhW/EeD/72RcAKo/CajJVxW3c1pOnrxrxZuMTf1XT+Mq/jp1qP8OZso1GZcV76rQSZ1UEKp5X/yrUJR/F0CDU4Kc2bQd8lUJo0VW/0KsV+R5ZpNtYaZcOzO2agxbzSj8mN5zzV8EQCoxdO3QrbTwckpVBTgTwK+7cmlNRKineaB7RgBukJpujI4/mX6kyJkA7lHSmghuEQA4BYWkHfXTgkpDVX1tnYwdfxKvYCtEVvwzAfxHJoCzfw6gOqZOKu4rGmMyTxUTwUgfg9Ru8p4toqZvJNX4VRA7/nXtJIcU24cvBVVA1O7spCTRCMA9SopHVWC0aaV26kubTHkrQif4XPxobGf3ymocmQCOU0IaSGy61wkhYJV8r7gCRACev1l0OKTYZgI43v/0ZSid4uUK8LwoHWwL5f5aokLKjQdf+zadZyaAm+pok1VH0E7xNLZMANfqdBpURKHjX9d+7BVAE1D1E8CF3FvKvPTfaUbNSeOV3FUAqnlKDN3ricSmcch9XIVa95xsxsl6VuPfWkdXgAjA87ua3peniydNViVfBGD/Y0Dti2oNOoeK7hkBuOkiBVwLrw1fPeEiAM8R1nrKlNeZIrUZpZ7KKd0zAhAB2OSUkl5I2WnGqkB29swV4Ab1zomnSlRVP/GvRFbCdPCQZpGc9M5b9ZUrwH/kCrD8deAOsbSBpAlkLFM/HQHQBpLcVTiqdhKDYrZlp3hUBV3qrnlWY51+0+lifru+k9Nqb0cArrCoUKhIyuiqe4qdNkaHkFUCdmKTcVyE40jenXiP7HPUtor/1j70h0GEfK9QzWrynfh1TyFM9WTXcVxiOEo4ETHx2YktAnBFWPkoNfniVSaATABKlotdlYARgCMob9tW8c8EsECgcxrnCnCczBGA45hNX2voDaBTKEmx03g6yi/j0HWd3EWZO3GIf8F/8ySAn01fu4pMxyU16HBIxbt67dCmlTw7vhQj+kqwDrHkDnl2Y3T8a+7SCJ04xL/GWm2CCEANYW1G8a6+1C4CcIN6VZX1bhwB2Ke41EDJraIpdZG4trLTePfR8d9K1D0jABGALwSkCTIBSIs+2mgzinf1pXYkAOpM7aqJyrqOjaq8nCzaUDqOS14S11az631zaad5qp3kqb46dhJHFbMt38t4tZ7KodX+nPzDIBGAaymUfFo8IaQS5h1C18HjbNFRPCZrIHXXeoqvrWtqJoDCFUAK0yF8lZASVyaA+5/xP4JHBGCnWTIBZALYPGnwY0ZpMhXXjp3EkSvAAoEIQAQgAvA4YaiYvOUNYPmtwJ0xUtdW73R61xHAq7GKb33k2WqWs/OsXjH0xNOTV7GUxpjMqZOn5iR2eqB2uPzwhSDqbLLIHV/VwmueUii1+ZQ8q5h1GqODdwRgZrJcPVgyAWj79u0iADUMIwARgE3mVE+zzolUo7H/sE2uAPcIRAAiABGAlVd0ESK9R4qvXAGeC1MVw611WrvOYUZfCtop/CQoVUDeMXorZp3TfolHJ89qHEq+6qR2iauaZwcPmToUsypGynftsVV/1b8NOB2cJKF7VgmjBZVYIwBzp2W1nhGA+xpEAG7wqKpytfnXTrItX3paVhtDc5A4XoFjNc8IQATgC4FJImjzZALIBPCNQFUkdeJVTmYCyASgXNkUzqWDKrmPBJIJ4IqWTGVb2K4KQPVLQbWAQhBNShVR9tT4NTbxp/GLr46N4iO5d3KajEMnruo0KFgcueZV35s6eK/uGQF43kpaeGnI6eLJntoY7yBkBOD4NWmaQ+WvBVfySZG1yTR52VPj19jEn8Yvvjo2io/k3slpMg4VukwAC9HJBJAJYAuBCMDxu7eK2jsmrlwBCsemNIG67ZyWuofYKUkl905Ok3FkApDKP9qUvxGotp1/JKejmtpV460q9eR+ncclaeJOrNrEiqMIiu75Dm50sKz+9GFrz+p3AlY31aJM21XjVeJO+tfTTPaMANyjpOIh2E7bRABuEI0AzBA3AjCD43Szy8HyCrHKFaBQ2bObKhPAPQLVk1EPkQIFTllSzbMTTASggF4E4Apa55TSBq02hvovUOCUJdU8O8GUfw5ACy9JaUOdvac8QG2BvVyr5NPcO0WWtVVsdVrp5KmxLWOZ3LPjS/Dv4FjF57JnBOAG+QjAPlWlETo4aiPsR7r+iZOsu9iIoKuvqp3iGAFYIFydOhRwIWkmgOf3+CNNUSW4iFVnojuSQ8VW+VjFJxPAoioKeATgOZ07OAq22kwRgH2kyl8Lvu963UKLoiTqqJ/cGTWOKh5nE17xOXti0TjW8FDOLNd29pzkRpVDGn8Vn68JoPq14FXCa7AKmoIk8Z7dBBLD2v1T12n82mRaA4mvUyflTARAKrG4mkUAroBoA1UJqeWpNovGHwHQSsxwoyqkyoMOHzMB3HBBG6gDuFBPC18dUyMAUoXFSYl/3HSSQ8qDDh8jABGALwQmiTv5rrEVm7SwNpD46uDz0RPAq38Z6BWnz6d+hitE27Kpqrw2QZXgSu5OHFXcNLaqf133KXGs9l4EQMt4zE4Jr14jAIrU1e5TGu9T4ogAHOdQeUUE4B46xaMqdHrtmPSv5IgA7CBVHT+33OYK8PwUnLyGKbkjAPuPiiook3Yv/23ASfJFAPap0Gk8aW6xuUTZiWM/y3ULja3qX9d9Shx0Beg0qK5d2ilASqKl/7MnjGre72qMyXG5U7tqXZQHOu5LDmKzVU/NU3jbEZ0IwA0CWlBtlmrxpsmsBKmKcHWd4i1205hV99TGVrsqh6ocvax7+a8Da7BV0PQ0lqLrFUP31Nw7/iIAVwQyAeyzIQJwg1GHMFX1nj7N9ku+blEVRF03aTeNmcQmNrkCrHBLmqoDrhBepwmJVe/tk76+RrWVH0WV3NVGa5ArwPMJQ3EUEevUXPyvXgGmm0UIoyNvFVzNSZtl2t/Z04PmJXEIsZS44ktj1z3V3zI29a85qT+JV/dc7bPqTwJWE9BgtcnETmwE6G+baX/SeJ33gyO53dpW81RuKBckft1TfK1Neepfc1J/Eq/uGQG4QaAFGv5mmBRPp58IwHM0JxsqArDAWkdvIbw2np4+Yic2EnsmAPuBHm1G5YLURvcUXxGACMBTnkwLSq4A2pbbdhGAGoYP3wegblS9q4Xp+D/7Aac6tk9OUmunlMbViUPrMilqwiHNSeNf7qnrtH+0VuJPc1/dc/mVYLKhku9iJ8Xr3G/lNNYYOkWWPTqFqmIk+BypUxUjwWeLV7JWsdX4IwA7SlAF8hUCkwnginIE4J5xVd7qOuV3JoATBSYCEAHYmmq0kTMBnNigopLVQq2NkTJCHrnWVNVbx1TBR+PNBJAJ4BmfRn8XQBrtFU1QVW9tFmnQSV+y3xEbqZP669SzulYPB82hikc1/o54a04aWwTgBtHJpp30pUVXuyrh9SFS/StJl/tGAPYrrdhGACIA+2x6YqFEmxSPCMB+ybQuEYAIwD6bIgCrCGiTqfgt7XSSUv9r/ugHgTqJCrs6il4FaXrPjr+pwmsMipnUXfesPpyu3Zc1/k5jVK8dGptgK72zZaN1iQAUUD77fq8k+gSSKtEiAPcIRABu8HgFiarNosTt5JAJ4LkKV3+uIxPA/umWCWAfoweLTABXSDrCp5NOBOA4SbUuEYDj2PIf0iy4/lqijVGdatS/jKlKNJ2k5NTW+MWX4q15amyCbZU/a+8mW77oD4MokNWAOyeqAN4Be7LwHV/VHHSdxjZ1XTlCUuGVcqhqN42jxCHcPoLj6qcA8pVgEYB9CkqxtMmEHJ2TS/3vZ12fVo4QtxpHp2mXGHV86fRTvep0eJUJYIddHXAnR3QloOwZAbhHSbAVmyOiJjWQQ6W7ZwQgAvCFgApdrgBXBKSJN+/e8L2SEQCY/QQkVe/OVacaR3U8zBXgHjltxqqdckiFVOIQTh0Rb3oDgJ77MpEElNzaeNU9p3OSODrFE/8dbBUPqYvGOo3H5FVHcxDcNE/xNW2zKmLLR0DdtAqaAjStuJKX5iR278hT9xQstmzkoUprJwLziklH6qmYvaIGGguJZATg+J1OCKNE0GaR0VL3rBJobdwULLSJt8ZZyauDo+YguEms4ucMm0wAO6gqEcROidAh7jId3bNDrkwAz9F7RQ2q9YsARACq3PmzLgIQAWiTSBzIKbvl5xNUWEb2rdG4s1bufYK/xqZYT+ak8et0pf4E2w5v3zHR0ReCVAHqrOsAqaTsxLe3tkP4zloh6V7s3/8vNVCsJ3PS+CMA+0hFAPYxKll0CN9ZGwG4IhAB2KduBGAfo5JFp4k7ayMAEYAjhI0AHEHrgG2niTtrIwARgAM0/UHfB3DEYcV2kvC6/6fsKffsrZzk/q1jcNVOYtCaXOw0DhE6xVbtJA/1JXZic4lJ7dbijwDsVHWS4EruSXHq7CnEmsQnAvDrjo2CfwRAZHnFZrLJNIROM66q98pvlL36ZIwA3CM+2bSTvjanyOqfB1fSi92nNGO1ySTHI6fbJB4d0RECRgAiAMr/TbtJwmswn7KnNFneAC431ef/zha6vf2//1/rKXZiM34F0MZQQJZ2mtTkaXx2ThqrklSxXfrrYFvNQffsTApSP/VfrYHE0G1G6ZW1OmlsqzVeXgE6zoS4ShglpOx5dk4aa5V8WzlGAK7IRACkEx5tHj4FOLtZIgD7d0YtZQQgAnBBoNOzEQDttoN2KnR6csnop3tqKuJPbLZGY41DCK44VqcwieGfvQIouJMkVWLJ+K3FE18dxe3gqM3yarsOtoq35FRt7K16LmuleX5yjVcxkjeATlLVMTUCILR/v402hkZa5VoEYB/hCMA+Rg8WHSFaOquSuxD2y5ZEAObedM4uWgSggHAE4DloEYAIwFOG5ApwhScTwL4CVzHKFWAf279+ApBHRn1Y6hCmGkcnNlmrOempXW3GfSr2LDTPTp2quSu21Xr2kHtcTR8DVsFYe2HVkVr3FMCn9+wQS94FJKeLH3mp1tyFkNPkq/qLAFSRiwD8QaBDogjAHAErnjq1q4qrxqn+RXA7vjTeTAA3SOnUEQFQep1jFwGYwzUCEAHYZFNHEOco+ugpAjCH7l8lANXCT49SnXv15BuA+NJpRXMSUajWaYvW1U+SZMxee6eaa6/fngSztTg6NVHORwAK1dbCiOuzfUUA7hGYxFvqGwH4de73nIm6qhp2ClrdY5KQgsXWiadxyB6ZAPZFR4S5UxPlYyYA7fqdtwIFXMb2SV9CtK1TqtrI1XW5Apx7WK5eif72XwaqnkiFvv+zRJVZ9jjbVwRg/zSuCq7U95+4AmiiYtchvDS7El5i7ZyMegp2yPcpeCyx1Jyq8XdqPLmnxlHlfHXdId7KBKDNInbTScmeSsjVEWnlq7elucVm6z4uOR05WaoNqnhU/U82o9Z4cs8IgDL1xi4CcA+aErfajEpSLaU0kOYkvjSud+yp2FY5X12XCWBRGSWHNpmc7mKTCWD/674jALUDQ8WDPgXQIoidBqbNKHtGAGokqtZA8c4E8Jy9072yeij97X8ZSMj2CiCXpdQ9tQlkohAbEcxnNoK3CsekLx3Hq/lrPdW/1l39ld9hIgDnqLASRokgzS02VUJ9r5ts2klfEYDalPfX/3VgIZE24+TJpXtGAI5LUgez47v9XqH1VP+ag/rLBPAEqU7xqmt1nRJBTnexqRIqE8Djg6UcPlt4a92r9dLYMgHsIKyNnDeAc65SOpXlClC7AvwPtpuboxKI1nIAAAAASUVORK5CYII=', '4122649adadfc751d661f131', 1, 5, 2);

-- ----------------------------
-- Table structure for modulos
-- ----------------------------
DROP TABLE IF EXISTS `modulos`;
CREATE TABLE `modulos`  (
  `id` bigint(20) NOT NULL AUTO_INCREMENT,
  `nombre` varchar(150) CHARACTER SET utf8mb4 COLLATE utf8mb4_general_ci NULL DEFAULT NULL,
  `estado` tinyint(4) NULL DEFAULT NULL,
  `fecha_creacion` datetime NULL DEFAULT CURRENT_TIMESTAMP ON UPDATE CURRENT_TIMESTAMP,
  `fecha_actualizacion` datetime NULL DEFAULT NULL ON UPDATE CURRENT_TIMESTAMP,
  PRIMARY KEY (`id`) USING BTREE
) ENGINE = InnoDB AUTO_INCREMENT = 18 CHARACTER SET = utf8mb4 COLLATE = utf8mb4_general_ci ROW_FORMAT = DYNAMIC;

-- ----------------------------
-- Records of modulos
-- ----------------------------
INSERT INTO `modulos` VALUES (1, 'Inicio', 1, '2022-06-23 16:18:22', '2022-06-23 16:18:22');
INSERT INTO `modulos` VALUES (3, 'Roles', 1, '2022-07-04 18:09:17', NULL);
INSERT INTO `modulos` VALUES (4, 'Usuarios', 1, '2022-07-04 18:09:26', NULL);
INSERT INTO `modulos` VALUES (6, 'Empleados', 1, '2022-11-29 13:47:30', NULL);
INSERT INTO `modulos` VALUES (7, 'Cargos', 1, '2022-11-29 13:47:36', NULL);
INSERT INTO `modulos` VALUES (14, 'Participacion', 1, '2023-02-01 17:41:50', NULL);
INSERT INTO `modulos` VALUES (15, 'Evento', 1, '2023-02-01 21:35:57', NULL);
INSERT INTO `modulos` VALUES (16, 'Formulario', 1, '2023-02-02 14:18:13', NULL);
INSERT INTO `modulos` VALUES (17, 'Tipo de Documento', 1, '2023-02-07 09:38:01', NULL);

-- ----------------------------
-- Table structure for participacion
-- ----------------------------
DROP TABLE IF EXISTS `participacion`;
CREATE TABLE `participacion`  (
  `id` bigint(20) NOT NULL AUTO_INCREMENT,
  `nombre` varchar(255) CHARACTER SET latin1 COLLATE latin1_swedish_ci NULL DEFAULT NULL,
  `estado` tinyint(4) NULL DEFAULT NULL,
  `fecha_creacion` datetime NULL DEFAULT CURRENT_TIMESTAMP ON UPDATE CURRENT_TIMESTAMP,
  `fecha_actualizacion` datetime NULL DEFAULT NULL ON UPDATE CURRENT_TIMESTAMP,
  PRIMARY KEY (`id`) USING BTREE
) ENGINE = InnoDB AUTO_INCREMENT = 20 CHARACTER SET = latin1 COLLATE = latin1_swedish_ci ROW_FORMAT = DYNAMIC;

-- ----------------------------
-- Records of participacion
-- ----------------------------
INSERT INTO `participacion` VALUES (12, 'CONFERENCISTA', 1, '2023-02-01 22:00:24', NULL);
INSERT INTO `participacion` VALUES (17, 'EXPOSITOR', 1, '2023-02-06 20:56:30', '2023-02-06 20:56:30');
INSERT INTO `participacion` VALUES (18, 'PONENTE', 1, '2023-02-06 21:02:16', NULL);

-- ----------------------------
-- Table structure for permisos
-- ----------------------------
DROP TABLE IF EXISTS `permisos`;
CREATE TABLE `permisos`  (
  `id` bigint(20) NOT NULL AUTO_INCREMENT,
  `nombre` varchar(150) CHARACTER SET utf8mb4 COLLATE utf8mb4_general_ci NULL DEFAULT NULL,
  `id_modulo` bigint(20) NULL DEFAULT NULL,
  `fecha_creacion` datetime NULL DEFAULT CURRENT_TIMESTAMP ON UPDATE CURRENT_TIMESTAMP,
  `fecha_actualizacion` datetime NULL DEFAULT NULL ON UPDATE CURRENT_TIMESTAMP,
  PRIMARY KEY (`id`) USING BTREE,
  INDEX `fk_modulo_permiso`(`id_modulo`) USING BTREE,
  CONSTRAINT `permisos_ibfk_1` FOREIGN KEY (`id_modulo`) REFERENCES `modulos` (`id`) ON DELETE NO ACTION ON UPDATE NO ACTION
) ENGINE = InnoDB AUTO_INCREMENT = 54 CHARACTER SET = utf8mb4 COLLATE = utf8mb4_general_ci ROW_FORMAT = DYNAMIC;

-- ----------------------------
-- Records of permisos
-- ----------------------------
INSERT INTO `permisos` VALUES (1, 'Ver Roles', 3, '2022-06-23 16:18:51', '2022-06-23 16:18:51');
INSERT INTO `permisos` VALUES (2, 'Crear Roles', 3, '2022-06-23 16:18:52', '2022-06-23 16:18:52');
INSERT INTO `permisos` VALUES (3, 'Editar Roles', 3, '2022-06-23 16:18:53', '2022-06-23 16:18:53');
INSERT INTO `permisos` VALUES (4, 'Dar de baja Roles', 3, '2022-06-23 16:19:26', '2022-06-23 16:19:26');
INSERT INTO `permisos` VALUES (6, 'Ver Usuarios', 4, '2022-06-23 16:18:56', '2022-06-23 16:18:56');
INSERT INTO `permisos` VALUES (7, 'Crear Usuarios', 4, '2022-06-23 16:18:56', '2022-06-23 16:18:56');
INSERT INTO `permisos` VALUES (8, 'Editar Usuarios', 4, '2022-06-23 16:18:57', '2022-06-23 16:18:57');
INSERT INTO `permisos` VALUES (9, 'Dar de baja Usuarios', 4, '2022-06-23 16:19:17', '2022-06-23 16:19:17');
INSERT INTO `permisos` VALUES (14, 'Ver Empleado', 6, '2022-11-29 13:47:58', NULL);
INSERT INTO `permisos` VALUES (15, 'Crear Empleado', 6, '2022-11-29 13:48:03', NULL);
INSERT INTO `permisos` VALUES (16, 'Editar Empleado', 6, '2022-11-29 13:48:10', NULL);
INSERT INTO `permisos` VALUES (17, 'Dar de baja Empleado', 6, '2022-11-29 13:48:17', NULL);
INSERT INTO `permisos` VALUES (18, 'Ver Cargo', 7, '2022-11-29 13:48:30', NULL);
INSERT INTO `permisos` VALUES (19, 'Crear Cargo', 7, '2022-11-29 13:48:35', NULL);
INSERT INTO `permisos` VALUES (20, 'Editar Cargo', 7, '2022-11-29 13:48:40', NULL);
INSERT INTO `permisos` VALUES (21, 'Dar de baja Cargo', 7, '2022-11-29 13:48:50', NULL);
INSERT INTO `permisos` VALUES (38, 'Ver Participacion', 14, '2023-02-01 17:46:18', '2023-02-01 17:46:18');
INSERT INTO `permisos` VALUES (39, 'Editar Participacion', 14, '2023-02-01 17:42:46', NULL);
INSERT INTO `permisos` VALUES (40, 'Dar de baja Participacion', 14, '2023-02-01 17:43:19', NULL);
INSERT INTO `permisos` VALUES (41, 'Crear Participacion', 14, '2023-02-01 17:47:24', NULL);
INSERT INTO `permisos` VALUES (42, 'Ver Evento', 15, '2023-02-01 21:36:34', '2023-02-01 21:36:34');
INSERT INTO `permisos` VALUES (43, 'Crear Evento', 15, '2023-02-01 21:36:30', '2023-02-01 21:36:30');
INSERT INTO `permisos` VALUES (44, 'Editar Evento', 15, '2023-02-01 21:36:26', NULL);
INSERT INTO `permisos` VALUES (45, 'Dar de baja Evento', 15, '2023-02-01 21:36:54', '2023-02-01 21:36:54');
INSERT INTO `permisos` VALUES (46, 'Crear Formulario', 16, '2023-02-02 14:18:35', NULL);
INSERT INTO `permisos` VALUES (47, 'Ver Formulario', 16, '2023-02-02 22:23:13', NULL);
INSERT INTO `permisos` VALUES (48, 'Editar Formulario', 16, '2023-02-02 22:23:20', NULL);
INSERT INTO `permisos` VALUES (49, 'Dar de baja Formulario', 16, '2023-02-02 22:23:30', NULL);
INSERT INTO `permisos` VALUES (50, 'Ver Tipo Documento', 17, '2023-02-07 09:38:23', NULL);
INSERT INTO `permisos` VALUES (51, 'Crear Tipo Documento', 17, '2023-02-07 09:38:33', NULL);
INSERT INTO `permisos` VALUES (52, 'Editar Tipo Documento', 17, '2023-02-07 09:38:43', NULL);
INSERT INTO `permisos` VALUES (53, 'Dar de baja Tipo Documento', 17, '2023-02-07 09:38:54', NULL);

-- ----------------------------
-- Table structure for permisosrol
-- ----------------------------
DROP TABLE IF EXISTS `permisosrol`;
CREATE TABLE `permisosrol`  (
  `id` bigint(20) NOT NULL AUTO_INCREMENT,
  `id_permiso` bigint(20) NULL DEFAULT NULL,
  `id_rol` bigint(20) NULL DEFAULT NULL,
  `estado` tinyint(4) NULL DEFAULT NULL,
  `fecha_creacion` datetime NULL DEFAULT CURRENT_TIMESTAMP ON UPDATE CURRENT_TIMESTAMP,
  `fecha_actualizacion` datetime NULL DEFAULT NULL ON UPDATE CURRENT_TIMESTAMP,
  PRIMARY KEY (`id`) USING BTREE,
  INDEX `fk_permiso_permisorol`(`id_permiso`) USING BTREE,
  INDEX `fk_rol_permisorol`(`id_rol`) USING BTREE,
  CONSTRAINT `permisosrol_ibfk_1` FOREIGN KEY (`id_permiso`) REFERENCES `permisos` (`id`) ON DELETE RESTRICT ON UPDATE RESTRICT,
  CONSTRAINT `permisosrol_ibfk_2` FOREIGN KEY (`id_rol`) REFERENCES `roles` (`id`) ON DELETE RESTRICT ON UPDATE RESTRICT
) ENGINE = InnoDB AUTO_INCREMENT = 73 CHARACTER SET = utf8mb4 COLLATE = utf8mb4_general_ci ROW_FORMAT = DYNAMIC;

-- ----------------------------
-- Records of permisosrol
-- ----------------------------
INSERT INTO `permisosrol` VALUES (1, 1, 1, 1, '2022-07-05 09:50:37', NULL);
INSERT INTO `permisosrol` VALUES (3, 2, 1, 1, '2022-07-05 09:53:04', NULL);
INSERT INTO `permisosrol` VALUES (4, 3, 1, 1, '2022-07-05 09:53:05', NULL);
INSERT INTO `permisosrol` VALUES (5, 4, 1, 1, '2022-07-05 09:53:07', NULL);
INSERT INTO `permisosrol` VALUES (6, 6, 1, 1, '2023-02-06 20:54:55', '2023-02-06 20:54:55');
INSERT INTO `permisosrol` VALUES (7, 7, 1, 1, '2023-02-06 20:55:20', '2023-02-06 20:55:20');
INSERT INTO `permisosrol` VALUES (8, 8, 1, 1, '2023-02-06 20:55:19', '2023-02-06 20:55:19');
INSERT INTO `permisosrol` VALUES (9, 9, 1, 1, '2023-02-06 20:55:35', '2023-02-06 20:55:35');
INSERT INTO `permisosrol` VALUES (14, 14, 1, 1, '2022-11-29 13:48:58', NULL);
INSERT INTO `permisosrol` VALUES (15, 15, 1, 1, '2022-11-29 13:48:59', NULL);
INSERT INTO `permisosrol` VALUES (16, 16, 1, 1, '2022-11-29 13:48:59', NULL);
INSERT INTO `permisosrol` VALUES (17, 17, 1, 1, '2022-11-29 13:49:00', NULL);
INSERT INTO `permisosrol` VALUES (18, 18, 1, 1, '2023-02-06 20:54:08', '2023-02-06 20:54:08');
INSERT INTO `permisosrol` VALUES (19, 19, 1, 1, '2022-11-29 13:49:05', NULL);
INSERT INTO `permisosrol` VALUES (20, 20, 1, 1, '2022-11-29 13:49:06', NULL);
INSERT INTO `permisosrol` VALUES (21, 21, 1, 1, '2022-11-29 13:49:06', NULL);
INSERT INTO `permisosrol` VALUES (37, 38, 1, 1, '2023-02-06 20:54:12', '2023-02-06 20:54:12');
INSERT INTO `permisosrol` VALUES (38, 39, 1, 1, '2023-02-01 17:43:27', NULL);
INSERT INTO `permisosrol` VALUES (39, 40, 1, 1, '2023-02-01 17:43:27', NULL);
INSERT INTO `permisosrol` VALUES (40, 41, 1, 1, '2023-02-01 17:47:40', NULL);
INSERT INTO `permisosrol` VALUES (41, 42, 1, 1, '2023-02-01 21:54:34', NULL);
INSERT INTO `permisosrol` VALUES (42, 43, 1, 1, '2023-02-01 21:54:34', NULL);
INSERT INTO `permisosrol` VALUES (43, 44, 1, 1, '2023-02-01 21:54:35', NULL);
INSERT INTO `permisosrol` VALUES (44, 45, 1, 1, '2023-02-01 21:54:35', NULL);
INSERT INTO `permisosrol` VALUES (45, 46, 1, 1, '2023-02-02 17:23:03', '2023-02-02 17:23:03');
INSERT INTO `permisosrol` VALUES (46, 47, 1, 1, '2023-02-02 22:23:56', NULL);
INSERT INTO `permisosrol` VALUES (47, 48, 1, 1, '2023-02-02 22:23:57', NULL);
INSERT INTO `permisosrol` VALUES (48, 49, 1, 1, '2023-02-02 22:23:57', NULL);
INSERT INTO `permisosrol` VALUES (49, 1, 3, 1, '2023-02-06 20:59:37', NULL);
INSERT INTO `permisosrol` VALUES (50, 2, 3, 1, '2023-02-06 20:59:38', NULL);
INSERT INTO `permisosrol` VALUES (51, 3, 3, 1, '2023-02-06 20:59:38', NULL);
INSERT INTO `permisosrol` VALUES (52, 4, 3, 1, '2023-02-06 20:59:41', '2023-02-06 20:59:41');
INSERT INTO `permisosrol` VALUES (53, 6, 3, 1, '2023-02-06 20:59:42', NULL);
INSERT INTO `permisosrol` VALUES (54, 7, 3, 1, '2023-02-06 20:59:43', NULL);
INSERT INTO `permisosrol` VALUES (55, 8, 3, 1, '2023-02-06 20:59:44', NULL);
INSERT INTO `permisosrol` VALUES (56, 9, 3, 1, '2023-02-06 20:59:44', NULL);
INSERT INTO `permisosrol` VALUES (57, 14, 3, 1, '2023-02-06 20:59:46', NULL);
INSERT INTO `permisosrol` VALUES (58, 15, 3, 1, '2023-02-06 20:59:46', NULL);
INSERT INTO `permisosrol` VALUES (59, 16, 3, 1, '2023-02-06 20:59:46', NULL);
INSERT INTO `permisosrol` VALUES (60, 17, 3, 1, '2023-02-06 20:59:47', NULL);
INSERT INTO `permisosrol` VALUES (61, 18, 3, 1, '2023-02-06 20:59:49', NULL);
INSERT INTO `permisosrol` VALUES (62, 19, 3, 1, '2023-02-06 20:59:50', NULL);
INSERT INTO `permisosrol` VALUES (63, 20, 3, 1, '2023-02-06 20:59:51', NULL);
INSERT INTO `permisosrol` VALUES (64, 21, 3, 1, '2023-02-06 20:59:52', NULL);
INSERT INTO `permisosrol` VALUES (65, 39, 3, 1, '2023-02-06 20:59:54', NULL);
INSERT INTO `permisosrol` VALUES (66, 38, 3, 1, '2023-02-06 20:59:55', NULL);
INSERT INTO `permisosrol` VALUES (67, 40, 3, 1, '2023-02-06 20:59:56', NULL);
INSERT INTO `permisosrol` VALUES (68, 41, 3, 1, '2023-02-06 20:59:56', NULL);
INSERT INTO `permisosrol` VALUES (69, 50, 1, 1, '2023-02-07 09:43:36', NULL);
INSERT INTO `permisosrol` VALUES (70, 51, 1, 1, '2023-02-07 09:43:37', NULL);
INSERT INTO `permisosrol` VALUES (71, 52, 1, 1, '2023-02-07 09:43:37', NULL);
INSERT INTO `permisosrol` VALUES (72, 53, 1, 1, '2023-02-07 09:43:39', NULL);

-- ----------------------------
-- Table structure for roles
-- ----------------------------
DROP TABLE IF EXISTS `roles`;
CREATE TABLE `roles`  (
  `id` bigint(20) NOT NULL AUTO_INCREMENT,
  `nombre` varchar(100) CHARACTER SET utf8mb4 COLLATE utf8mb4_general_ci NULL DEFAULT NULL,
  `estado` tinyint(4) NULL DEFAULT NULL,
  `fecha_creacion` datetime NOT NULL DEFAULT CURRENT_TIMESTAMP,
  `fecha_actualizacion` datetime NULL DEFAULT NULL ON UPDATE CURRENT_TIMESTAMP,
  PRIMARY KEY (`id`) USING BTREE
) ENGINE = InnoDB AUTO_INCREMENT = 4 CHARACTER SET = utf8mb4 COLLATE = utf8mb4_general_ci ROW_FORMAT = DYNAMIC;

-- ----------------------------
-- Records of roles
-- ----------------------------
INSERT INTO `roles` VALUES (1, 'Administrador', 1, '2022-07-05 09:49:14', NULL);
INSERT INTO `roles` VALUES (2, 'Capturador de Datos', 1, '2022-11-08 16:55:28', '2023-02-01 22:18:40');
INSERT INTO `roles` VALUES (3, 'SuperAdministrador', 1, '2023-02-06 20:59:32', NULL);

-- ----------------------------
-- Table structure for sesiones
-- ----------------------------
DROP TABLE IF EXISTS `sesiones`;
CREATE TABLE `sesiones`  (
  `id` bigint(20) NOT NULL AUTO_INCREMENT,
  `id_sesion` varchar(100) CHARACTER SET latin1 COLLATE latin1_swedish_ci NOT NULL,
  `token` text CHARACTER SET latin1 COLLATE latin1_swedish_ci NOT NULL,
  `token_exp` int(11) NOT NULL,
  `id_usuario` bigint(20) NOT NULL,
  `fecha_creacion` datetime NOT NULL DEFAULT CURRENT_TIMESTAMP,
  PRIMARY KEY (`id`) USING BTREE
) ENGINE = InnoDB AUTO_INCREMENT = 405 CHARACTER SET = latin1 COLLATE = latin1_swedish_ci ROW_FORMAT = DYNAMIC;

-- ----------------------------
-- Records of sesiones
-- ----------------------------
INSERT INTO `sesiones` VALUES (346, '5s4uc6mfetfi1r5vl7va5gha3o', 'eyJ0eXAiOiJKV1QiLCJhbGciOiJIUzI1NiJ9.eyJpYXQiOjE2NzA5MDUzNTcsImV4cCI6MTY3MDk5MTc1NywiZGF0YSI6eyJpZCI6IjIiLCJlbWFpbCI6ImFkbWluQGdtYWlsLmNvbSJ9fQ.lQXzI0J6mlwfQf_tw9L1yB8ZKI3k5E1tAdwhR8j5_S8', 1670991757, 2, '2022-12-12 22:22:37');
INSERT INTO `sesiones` VALUES (350, '56ed6h5t3peuefkpo32pa3o8ao', 'eyJ0eXAiOiJKV1QiLCJhbGciOiJIUzI1NiJ9.eyJpYXQiOjE2NzA5MDY4MTMsImV4cCI6MTY3MDk5MzIxMywiZGF0YSI6eyJpZCI6IjIiLCJlbWFpbCI6ImFkbWluQGdtYWlsLmNvbSJ9fQ.LvYfsOaK5OOoR2zpHCIVkcVOxfUajjyCx1lv04GUKJk', 1670993213, 2, '2022-12-12 22:46:53');
INSERT INTO `sesiones` VALUES (351, 'ps8dthum2ef92lpab0hspnrda9', 'eyJ0eXAiOiJKV1QiLCJhbGciOiJIUzI1NiJ9.eyJpYXQiOjE2NzUyMjE0NDgsImV4cCI6MTY3NTMwNzg0OCwiZGF0YSI6eyJpZCI6IjIiLCJlbWFpbCI6ImFkbWluQGdtYWlsLmNvbSJ9fQ.cUzwis9oPqcZefsnr3-drmt0J9otxI7cNc4SzzsELFY', 1675307848, 2, '2023-01-31 21:17:28');
INSERT INTO `sesiones` VALUES (370, 'qpi5740k62qe5n3vqjg9drb2dr', 'eyJ0eXAiOiJKV1QiLCJhbGciOiJIUzI1NiJ9.eyJpYXQiOjE2NzUyODgzNDAsImV4cCI6MTY3NTM3NDc0MCwiZGF0YSI6eyJpZCI6IjIiLCJlbWFpbCI6ImFkbWluQGdtYWlsLmNvbSJ9fQ.t94h21HvLJB1RSP_pSXCvBHqgDXYw4w3UzEgZKWIl6c', 1675374740, 2, '2023-02-01 15:52:20');
INSERT INTO `sesiones` VALUES (379, 'j3v2pjjq4op2rd92r2vvro0km0', 'eyJ0eXAiOiJKV1QiLCJhbGciOiJIUzI1NiJ9.eyJpYXQiOjE2NzUzMTI4NzQsImV4cCI6MTY3NTM5OTI3NCwiZGF0YSI6eyJpZCI6IjIiLCJlbWFpbCI6ImFkbWluQGdtYWlsLmNvbSJ9fQ.65wKy3Ac8mUEDFKIdSZ9sqsyYXovqn_LLHUoWgFbIc4', 1675399274, 2, '2023-02-01 22:41:14');
INSERT INTO `sesiones` VALUES (383, 'tvl16kgob0b7sg3nt5d6t2u8sg', 'eyJ0eXAiOiJKV1QiLCJhbGciOiJIUzI1NiJ9.eyJpYXQiOjE2NzUzOTM5MTUsImV4cCI6MTY3NTQ4MDMxNSwiZGF0YSI6eyJpZCI6IjIiLCJlbWFpbCI6ImFkbWluQGdtYWlsLmNvbSJ9fQ.3nNRQomlAfYIJ-LTaYeqnzWImAc4i5h9rrqvKPb69iA', 1675480315, 2, '2023-02-02 21:11:55');
INSERT INTO `sesiones` VALUES (385, 'qaspe3fgitchvv5nmna9fq5qc2', 'eyJ0eXAiOiJKV1QiLCJhbGciOiJIUzI1NiJ9.eyJpYXQiOjE2NzU0MzgyNDEsImV4cCI6MTY3NTUyNDY0MSwiZGF0YSI6eyJpZCI6IjIiLCJlbWFpbCI6ImFkbWluQGdtYWlsLmNvbSJ9fQ.aGKLrL2O3VO1O1fajpe07s1hQpPQ4WG-9sNlgWEnR0c', 1675524641, 2, '2023-02-03 09:30:41');
INSERT INTO `sesiones` VALUES (386, 'qaspe3fgitchvv5nmna9fq5qc2', 'eyJ0eXAiOiJKV1QiLCJhbGciOiJIUzI1NiJ9.eyJpYXQiOjE2NzU0MzgyNjMsImV4cCI6MTY3NTUyNDY2MywiZGF0YSI6eyJpZCI6IjIiLCJlbWFpbCI6ImFkbWluQGdtYWlsLmNvbSJ9fQ.WP26ZZcejbgoOppmwFhhs0VgZRF9hzWajZjYtHeyULU', 1675524663, 2, '2023-02-03 09:31:03');
INSERT INTO `sesiones` VALUES (388, 'fusj7t2u2recp3i4n6p2vg6tf6', 'eyJ0eXAiOiJKV1QiLCJhbGciOiJIUzI1NiJ9.eyJpYXQiOjE2NzU0NjI2NDMsImV4cCI6MTY3NTU0OTA0MywiZGF0YSI6eyJpZCI6IjIiLCJlbWFpbCI6ImFkbWluQGdtYWlsLmNvbSJ9fQ.N7ChIQ6XYF35ZNmHOeohv6QutslMT7c-MK-zgkSDILE', 1675549043, 2, '2023-02-03 16:17:23');
INSERT INTO `sesiones` VALUES (389, 'ut077fnqc06o05vgiu9hu3u2ou', 'eyJ0eXAiOiJKV1QiLCJhbGciOiJIUzI1NiJ9.eyJpYXQiOjE2NzU1NDc0NjQsImV4cCI6MTY3NTYzMzg2NCwiZGF0YSI6eyJpZCI6IjIiLCJlbWFpbCI6ImFkbWluQGdtYWlsLmNvbSJ9fQ.iaLK8Y_MuXtXbRXF-TEdF17naOkVXlM8X9dLLc6iySY', 1675633864, 2, '2023-02-04 15:51:04');
INSERT INTO `sesiones` VALUES (399, 'dm0sds3ej1t5cd10b2l581hjgb', 'eyJ0eXAiOiJKV1QiLCJhbGciOiJIUzI1NiJ9.eyJpYXQiOjE2NzU2NTgwNDMsImV4cCI6MTY3NTc0NDQ0MywiZGF0YSI6eyJpZCI6IjEiLCJlbWFpbCI6ImFAZ21haWwuY29tIn19.rOxEVJnGgseu3ZDsQc0OD9vvELD7ztDpdmUfQA9P-hE', 1675744443, 1, '2023-02-05 22:34:03');
INSERT INTO `sesiones` VALUES (401, '94e5ajeodp66825h53h5mpcc08', 'eyJ0eXAiOiJKV1QiLCJhbGciOiJIUzI1NiJ9.eyJpYXQiOjE2NzU3Mzk0MDcsImV4cCI6MTY3NTgyNTgwNywiZGF0YSI6eyJpZCI6IjIiLCJlbWFpbCI6ImFkbWluQGdtYWlsLmNvbSJ9fQ.lzWMKM88-iNIo-L0KVoTt8O4uZzuBd2MJo3VHDGAvdA', 1675825807, 2, '2023-02-06 21:10:07');
INSERT INTO `sesiones` VALUES (402, 'q0nu7r335sscerp63ol2rmjg24', 'eyJ0eXAiOiJKV1QiLCJhbGciOiJIUzI1NiJ9.eyJpYXQiOjE2NzU3ODE1NzYsImV4cCI6MTY3NTg2Nzk3NiwiZGF0YSI6eyJpZCI6IjIiLCJlbWFpbCI6ImFkbWluQGdtYWlsLmNvbSJ9fQ.EsvOrhdiaPqos4ZgjNGZ5fHYxzYIdDdf1ttg-r8bqe0', 1675867976, 2, '2023-02-07 08:52:56');
INSERT INTO `sesiones` VALUES (404, 'tjac06l0ggje29rq602rat7vgf', 'eyJ0eXAiOiJKV1QiLCJhbGciOiJIUzI1NiJ9.eyJpYXQiOjE2NzU3OTY5NTksImV4cCI6MTY3NTg4MzM1OSwiZGF0YSI6eyJpZCI6IjIiLCJlbWFpbCI6ImFkbWluQGdtYWlsLmNvbSJ9fQ.GHTIXOqckXkux2jRcdiRhfo1LR9xY4NH8xGb0gm9pvE', 1675883359, 2, '2023-02-07 13:09:19');

-- ----------------------------
-- Table structure for tipo_documento
-- ----------------------------
DROP TABLE IF EXISTS `tipo_documento`;
CREATE TABLE `tipo_documento`  (
  `id` bigint(20) NOT NULL AUTO_INCREMENT,
  `nombre` varchar(255) CHARACTER SET latin1 COLLATE latin1_swedish_ci NULL DEFAULT NULL,
  `estado` tinyint(4) NULL DEFAULT NULL,
  `fecha_creacion` datetime NULL DEFAULT CURRENT_TIMESTAMP ON UPDATE CURRENT_TIMESTAMP,
  `fecha_actualizacion` datetime NULL DEFAULT NULL ON UPDATE CURRENT_TIMESTAMP,
  PRIMARY KEY (`id`) USING BTREE
) ENGINE = InnoDB AUTO_INCREMENT = 9 CHARACTER SET = latin1 COLLATE = latin1_swedish_ci ROW_FORMAT = DYNAMIC;

-- ----------------------------
-- Records of tipo_documento
-- ----------------------------
INSERT INTO `tipo_documento` VALUES (5, 'CONSTANCIA', 1, '2023-02-07 10:01:28', NULL);
INSERT INTO `tipo_documento` VALUES (6, 'RECONOCIMIENTO', 1, '2023-02-07 10:02:30', NULL);

-- ----------------------------
-- Table structure for usuarios
-- ----------------------------
DROP TABLE IF EXISTS `usuarios`;
CREATE TABLE `usuarios`  (
  `id` bigint(20) NOT NULL AUTO_INCREMENT,
  `email` varchar(150) CHARACTER SET utf8mb4 COLLATE utf8mb4_general_ci NULL DEFAULT NULL,
  `password` varchar(255) CHARACTER SET utf8mb4 COLLATE utf8mb4_general_ci NULL DEFAULT NULL,
  `token` varchar(255) CHARACTER SET utf8mb4 COLLATE utf8mb4_general_ci NULL DEFAULT NULL,
  `token_exp` varchar(255) CHARACTER SET utf8mb4 COLLATE utf8mb4_general_ci NULL DEFAULT NULL,
  `id_empleado` bigint(20) NULL DEFAULT NULL,
  `id_rol` bigint(20) NULL DEFAULT NULL,
  `estado` tinyint(4) NOT NULL,
  `fecha_creacion` datetime NULL DEFAULT CURRENT_TIMESTAMP ON UPDATE CURRENT_TIMESTAMP,
  `fecha_actualizacion` datetime NULL DEFAULT NULL ON UPDATE CURRENT_TIMESTAMP,
  PRIMARY KEY (`id`) USING BTREE,
  INDEX `fk_rol_usuario`(`id_rol`) USING BTREE,
  INDEX `fk_empleados_usuario`(`id_empleado`) USING BTREE,
  CONSTRAINT `fk_empleados_usuario` FOREIGN KEY (`id_empleado`) REFERENCES `empleados` (`id`) ON DELETE RESTRICT ON UPDATE RESTRICT,
  CONSTRAINT `usuarios_ibfk_1` FOREIGN KEY (`id_rol`) REFERENCES `roles` (`id`) ON DELETE RESTRICT ON UPDATE RESTRICT
) ENGINE = InnoDB AUTO_INCREMENT = 4 CHARACTER SET = utf8mb4 COLLATE = utf8mb4_general_ci ROW_FORMAT = DYNAMIC;

-- ----------------------------
-- Records of usuarios
-- ----------------------------
INSERT INTO `usuarios` VALUES (1, 'a@gmail.com', '$2a$07$azybxcagsrp23425rpazyOq1MTBjNX.BdECR0V6VIz.oseVnxGeRe', '', '', NULL, 1, 1, '2023-02-05 22:34:01', '2023-02-05 22:34:01');
INSERT INTO `usuarios` VALUES (2, 'admin@gmail.com', '$2a$07$azybxcagsrp23425rpazyOq1MTBjNX.BdECR0V6VIz.oseVnxGeRe', '', '', 1, 1, 1, '2023-02-01 22:33:32', '2023-02-01 22:33:32');
INSERT INTO `usuarios` VALUES (3, 'admin12@gmail.com', '$2a$07$azybxcagsrp23425rpazyO2azgVXM9aZRL32LtNjyYeNAj.BGUtne', NULL, NULL, 1, 2, 1, '2023-02-02 17:08:41', NULL);

SET FOREIGN_KEY_CHECKS = 1;
